col1,col2,col3
0.859814711,0.707999735,0.652537544
0.511984301,0.026280061,0.499006229
0.868096483,0.727088494,0.215305929
0.466058682,0.569558326,0.557286861
0.21943167,0.194108086,0.199833765
0.063635927,0.589793832,0.089887978
0.42237118,0.08063569,0.395449336
0.430360255,0.451314262,0.746540325
0.701577495,0.841645156,0.959895679
